n;h=2/n;total_area;true_area;relative_error
1;2.0000000000000000e+00;2.4140040606848194000000000000000000000000000000000000000000000000;2.4140040606848196903005307892891067380626797297668046557215325479;1.2025685271918509e-16
2;1.0000000000000000e+00;2.4140040606848195000000000000000000000000000000000000000000000000;2.4140040606848196903005307892891067380626797297668046557215325479;7.8831901689222291e-17
4;5.0000000000000000e-01;2.4140040606848197625000000000000000000000000000000000000000000000;2.4140040606848196903005307892891067380626797297668046557215325479;2.9908594764430056e-17
8;2.5000000000000000e-01;2.4140040606848196968750000000000000000000000000000000000000000000;2.4140040606848196903005307892891067380626797297668046557215325479;2.7234706510169693e-18
