n;h=2/n;total_area;true_area;relative_error
1;2.0000000000000000e+00;2.4146581877088570000000000000000000000000000000000000000000000000;2.4140040606848196903005307892891067380626797297668046557215325479;2.7097179938120853e-04
2;1.0000000000000000e+00;2.4121876137467619250000000000000000000000000000000000000000000000;2.4140040606848196903005307892891067380626797297668046557215325479;7.5246225457568797e-04
4;5.0000000000000000e-01;2.4143228062587906687500000000000000000000000000000000000000000000;2.4140040606848196903005307892891067380626797297668046557215325479;1.3204019792765166e-04
8;2.5000000000000000e-01;2.4162993925160975937500000000000000000000000000000000000000000000;2.4140040606848196903005307892891067380626797297668046557215325479;9.5084008708201987e-04
